[
  {
    "no": 0,
    "hobby": "charity"
  },
  {
    "no": 1,
    "hobby": "tour"
  },
  {
    "no": 2,
    "hobby": "art"
  },
  {
    "no": 3,
    "hobby": "fashion"
  },
  {
    "no": 4,
    "hobby": "major_event"
  },
  {
    "no": 5,
    "hobby": "wine"
  },
  {
    "no": 6,
    "hobby": "boating"
  },
  {
    "no": 7,
    "hobby": "exercise"
  },
  {
    "no": 8,
    "hobby": "car"
  },
  {
    "no": 9,
    "hobby": "collection"
  },
  {
    "no": 10,
    "hobby": "foot_ball"
  },
  {
    "no": 11,
    "hobby": "reading"
  },
  {
    "no": 12,
    "hobby": "cultural_activity"
  },
  {
    "no": 13,
    "hobby": "golf"
  },
  {
    "no": 14,
    "hobby": "catering"
  },
  {
    "no": 15,
    "hobby": "hunting"
  },
  {
    "no": 16,
    "hobby": "jewellery"
  },
  {
    "no": 17,
    "hobby": "fishing"
  },
  {
    "no": 18,
    "hobby": "watches"
  },
  {
    "no": 19,
    "hobby": "skiing"
  },
  {
    "no": 20,
    "hobby": "painting"
  },
  {
    "no": 21,
    "hobby": "movie"
  },
  {
    "no": 22,
    "hobby": "dancing"
  },
  {
    "no": 23,
    "hobby": "making_cake"
  },
  {
    "no": 24,
    "hobby": "photography"
  },
  {
    "no": 25,
    "hobby": "gaming"
  },
  {
    "no": 26,
    "hobby": "writing"
  },
  {
    "no": 27,
    "hobby": "diving"
  },
  {
    "no": 28,
    "hobby": "illustrating"
  },
  {
    "no": 29,
    "hobby": "drinking_tea"
  },
  {
    "no": 30,
    "hobby": "psychology"
  },
  {
    "no": 31,
    "hobby": "play_piano"
  },
  {
    "no": 32,
    "hobby": "magic_cube"
  },
  {
    "no": 33,
    "hobby": "programming"
  },
  {
    "no": 34,
    "hobby": "archery"
  },
  {
    "no": 35,
    "hobby": "shooting"
  },
  {
    "no": 36,
    "hobby": "building_block"
  },
  {
    "no": 37,
    "hobby": "riding"
  },
  {
    "no": 38,
    "hobby": "driving"
  },
  {
    "no": 39,
    "hobby": "history"
  },
  {
    "no": 40,
    "hobby": "hiding"
  },
  {
    "no": 41,
    "hobby": "basketball"
  },
  {
    "no": 42,
    "hobby": "baking"
  },
  {
    "no": 43,
    "hobby": "love"
  },
  {
    "no": 44,
    "hobby": "music"
  },
  {
    "no": 45,
    "hobby": "guqin"
  },
  {
    "no": 46,
    "hobby": "stamps_collecting"
  },
  {
    "no": 47,
    "hobby": "ted"
  },
  {
    "no": 48,
    "hobby": "diary"
  },
  {
    "no": 49,
    "hobby": "grow_flowers"
  }
]